<?xml version="1.0" encoding="UTF-8"?>
<!DOCTYPE fontscolors PUBLIC "-//NetBeans//DTD Editor Fonts and Colors settings 1.1//EN" "http://www.netbeans.org/dtds/EditorFontsColors-1_1.dtd">
<fontscolors>
    <fontcolor default="default" foreColor="ffffc840" name="sgml-declaration"/>
    <fontcolor default="markup-attribute" name="argument"/>
    <fontcolor default="default" name="text"/>
    <fontcolor name="mod-method">
        <font style="bold"/>
    </fontcolor>
    <fontcolor default="error" name="error"/>
    <fontcolor default="default" name="css-embedded"/>
    <fontcolor default="markup-element" name="tag"/>
    <fontcolor default="comment" name="sgml-comment"/>
    <fontcolor default="whitespace" name="ws"/>
    <fontcolor default="argument" foreColor="ffe0882f" name="operator"/>
    <fontcolor default="entity-reference" name="character"/>
    <fontcolor name="mod-class" waveUnderlined="ffdc322f"/>
    <fontcolor default="default" name="javascript-embedded"/>
    <fontcolor default="markup-attribute-value" name="value"/>
    <fontcolor default="comment" name="block-comment"/>
</fontscolors>
