<?xml version="1.0" encoding="UTF-8"?>
<!DOCTYPE fontscolors PUBLIC "-//NetBeans//DTD Editor Fonts and Colors settings 1.1//EN" "http://www.netbeans.org/dtds/EditorFontsColors-1_1.dtd">
<fontscolors>
    <fontcolor name="error" waveUnderlined="ffdc322f"/>
    <fontcolor name="equals"/>
    <fontcolor foreColor="ffff8400" name="name"/>
    <fontcolor name="whitespace"/>
    <fontcolor name="value"/>
    <fontcolor foreColor="ffb729d9" name="comment"/>
    <fontcolor foreColor="ff56db3a" name="section">
        <font style="bold"/>
    </fontcolor>
</fontscolors>
